"","V1","V2"
"1","_marymckay","millie_verdusco"
"2","_marymckay","monet.senescendi.mundi"
"3","_marymckay","marycatherinehargrove"
"4","_marymckay","ethan.phillips5"
"5","_marymckay","vanessa_barquera"
"6","_marymckay","areneotero"
"7","_marymckay","suzyybl"
"8","_marymckay","kevin.sullivann"
"9","_marymckay","jenniferjane20"
"10","_marymckay","mitchellskolaris"
"11","_marymckay","haleyr66"
"12","_oscarguevara","emmabrugman"
"13","_oscarguevara","sam_i_am_i_am_"
"14","_oscarguevara","mguezub"
"15","_oscarguevara","mariajotta"
"16","_oscarguevara","andreadrsc"
"17","_oscarguevara","i_am_zaac"
"18","_oscarguevara","zeusy14"
"19","_oscarguevara","jaime.adr"
"20","_oscarguevara","anaafdominguezr"
"21","_oscarguevara","jordidelacruz"
"22","_oscarguevara","kaitlynsumner"
"23","_oscarguevara","chgaravito"
"24","aditya.arun_","allenbond4"
"25","aditya.arun_","colehwarren"
"26","aditya.arun_","ben__bello"
"27","aditya.arun_","tgetn"
"28","aditya.arun_","lauren_smith25"
"29","aditya.arun_","kejriwal_naman1"
"30","aditya.arun_","willhmonahan"
"31","aditya.arun_","shanegravelle"
"32","aditya.arun_","evan.johnson_"
"33","aditya.arun_","saravandersip"
"34","aditya.arun_","hamza.ishaque"
"35","aditya.arun_","jenniferjane20"
"36","alasia.a.journal","joniel39"
"37","alasia.a.journal","ale_cotte"
"38","alasia.a.journal","saimaryyy"
"39","alasia.a.journal","upfirstonthetee"
"40","alasia.a.journal","mariana._.chavez"
"41","ale_cotte","joniel39"
"42","ale_cotte","saimaryyy"
"43","ale_cotte","upfirstonthetee"
"44","ale_cotte","karinaseebaluck"
"45","ale_cotte","alasia.a.journal"
"46","ale_cotte","mariana._.chavez"
"47","allenbond4","colehwarren"
"48","allenbond4","ben__bello"
"49","allenbond4","tgetn"
"50","allenbond4","aditya.arun_"
"51","allenbond4","lauren_smith25"
"52","allenbond4","kejriwal_naman1"
"53","allenbond4","willhmonahan"
"54","allenbond4","shanegravelle"
"55","allenbond4","evan.johnson_"
"56","allenbond4","saravandersip"
"57","allenbond4","hamza.ishaque"
"58","allenbond4","jenniferjane20"
"59","amelia.loeffler","molly.herring"
"60","amelia.loeffler","hannnahmjones"
"61","amelia.loeffler","apeaidan"
"62","amelia.loeffler","naominice42"
"63","amelia.loeffler","janute_scoot"
"64","amelia.loeffler","bikergurl55"
"65","amelia.loeffler","rachel.yurko"
"66","amelia.loeffler","megan_lienau"
"67","amelia.loeffler","jessareeya"
"68","amelia.loeffler","emmarudyyy"
"69","amelia.loeffler","hannah_moore244"
"70","amelia.loeffler","simone.snm"
"71","amelia.loeffler","emmymarietrivette"
"72","amelia.loeffler","saravandersip"
"73","amelia.loeffler","tomawtoes"
"74","amelia.loeffler","molly.voit"
"75","amelia.loeffler","charlottemgeier"
"76","ameliapaulsen","eberko915"
"77","ameliapaulsen","sam__zahn"
"78","ameliapaulsen","millie_verdusco"
"79","ameliapaulsen","jessareeya"
"80","ameliapaulsen","marycatherinehargrove"
"81","ameliapaulsen","simon.p__"
"82","ameliapaulsen","max.golovsky"
"83","ameliapaulsen","andrewqin02"
"84","ameliapaulsen","kendratse"
"85","ameliapaulsen","stinkygingko"
"86","anaafdominguezr","_oscarguevara"
"87","anaafdominguezr","mariajotta"
"88","anaafdominguezr","andreadrsc"
"89","anaafdominguezr","zeusy14"
"90","anaafdominguezr","jaime.adr"
"91","anaafdominguezr","jordidelacruz"
"92","anaafdominguezr","chgaravito"
"93","andreadrsc","_oscarguevara"
"94","andreadrsc","mariajotta"
"95","andreadrsc","zeusy14"
"96","andreadrsc","jaime.adr"
"97","andreadrsc","anaafdominguezr"
"98","andreadrsc","jordidelacruz"
"99","andreadrsc","chgaravito"
"100","andrewqin02","karenxgp"
"101","andrewqin02","sam__zahn"
"102","andrewqin02","bikergurl55"
"103","andrewqin02","jessareeya"
"104","andrewqin02","simone.snm"
"105","andrewqin02","max.golovsky"
"106","andrewqin02","willhmonahan"
"107","andrewqin02","ameliapaulsen"
"108","andrewqin02","andrewsunnysideup"
"109","andrewsunnysideup","iamtiana_ja"
"110","andrewsunnysideup","e.abelmann"
"111","andrewsunnysideup","andrewqin02"
"112","apeaidan","molly.herring"
"113","apeaidan","hannnahmjones"
"114","apeaidan","hannahawood"
"115","apeaidan","karenxgp"
"116","apeaidan","john_cherkez"
"117","apeaidan","naominice42"
"118","apeaidan","janute_scoot"
"119","apeaidan","sam__zahn"
"120","apeaidan","bikergurl55"
"121","apeaidan","tgetn"
"122","apeaidan","megan_lienau"
"123","apeaidan","emmarudyyy"
"124","apeaidan","evan.johnson_"
"125","apeaidan","johail"
"126","apeaidan","emmymarietrivette"
"127","apeaidan","saravandersip"
"128","apeaidan","tomawtoes"
"129","apeaidan","charlottemgeier"
"130","apeaidan","justinhadad"
"131","apeaidan","amelia.loeffler"
"132","apeaidan","molly.voit"
"133","areneotero","_marymckay"
"134","areneotero","lauren_smith25"
"135","areneotero","eddie.neri"
"136","areneotero","simon.p__"
"137","areneotero","vanessa_barquera"
"138","areneotero","suzyybl"
"139","areneotero","q.nguyennn"
"140","areneotero","kevin.sullivann"
"141","areneotero","jenniferjane20"
"142","areneotero","mitchellskolaris"
"143","areneotero","ec.dunn"
"144","areneotero","haleyr66"
"145","areneotero","halliekielb"
"146","b.wein","rabbimelissa"
"147","b.wein","stone_rachael"
"148","b.wein","ellengarfinkle"
"149","b.wein","ideliyakh"
"150","b.wein","haleyr66"
"151","b.wein","halliekielb"
"152","b.wein","jaaackhall"
"153","ben__bello","allenbond4"
"154","ben__bello","colehwarren"
"155","ben__bello","tgetn"
"156","ben__bello","aditya.arun_"
"157","ben__bello","lauren_smith25"
"158","ben__bello","kejriwal_naman1"
"159","ben__bello","willhmonahan"
"160","ben__bello","shanegravelle"
"161","ben__bello","evan.johnson_"
"162","ben__bello","hamza.ishaque"
"163","ben__bello","jenniferjane20"
"164","bikergurl55","colehwarren"
"165","bikergurl55","apeaidan"
"166","bikergurl55","iamtiana_ja"
"167","bikergurl55","karenxgp"
"168","bikergurl55","senam_adedze"
"169","bikergurl55","jessareeya"
"170","bikergurl55","emmarudyyy"
"171","bikergurl55","simone.snm"
"172","bikergurl55","andrewqin02"
"173","bikergurl55","kendratse"
"174","bikergurl55","willhmonahan"
"175","bikergurl55","ideliyakh"
"176","bikergurl55","saravandersip"
"177","bikergurl55","stinkygingko"
"178","bikergurl55","juliaodavis_"
"179","bikergurl55","amelia.loeffler"
"180","charlottemgeier","molly.herring"
"181","charlottemgeier","hannnahmjones"
"182","charlottemgeier","apeaidan"
"183","charlottemgeier","john_cherkez"
"184","charlottemgeier","rachel.yurko"
"185","charlottemgeier","jessareeya"
"186","charlottemgeier","emmarudyyy"
"187","charlottemgeier","simone.snm"
"188","charlottemgeier","evan.johnson_"
"189","charlottemgeier","emmymarietrivette"
"190","charlottemgeier","saravandersip"
"191","charlottemgeier","sophiemarcom"
"192","charlottemgeier","andrewsunnysideup"
"193","charlottemgeier","amelia.loeffler"
"194","chgaravito","mguezub"
"195","chgaravito","andreadrsc"
"196","chgaravito","zeusy14"
"197","chgaravito","jaime.adr"
"198","chgaravito","anaafdominguezr"
"199","chgaravito","jordidelacruz"
"200","cmacbrennan","emmabrugman"
"201","cmacbrennan","stansburygrant"
"202","cmacbrennan","meerau123"
"203","cmacbrennan","sam_i_am_i_am_"
"204","cmacbrennan","not_sarah_xu"
"205","cmacbrennan","i_am_zaac"
"206","cmacbrennan","zeusy14"
"207","cmacbrennan","jakebagelsdorf"
"208","cmacbrennan","sarah_han"
"209","colehwarren","eberko915"
"210","colehwarren","allenbond4"
"211","colehwarren","john_cherkez"
"212","colehwarren","bikergurl55"
"213","colehwarren","ben__bello"
"214","colehwarren","tgetn"
"215","colehwarren","aditya.arun_"
"216","colehwarren","lauren_smith25"
"217","colehwarren","kejriwal_naman1"
"218","colehwarren","willhmonahan"
"219","colehwarren","shanegravelle"
"220","colehwarren","evan.johnson_"
"221","colehwarren","saravandersip"
"222","colehwarren","hamza.ishaque"
"223","colehwarren","jenniferjane20"
"224","e.abelmann","molly.herring"
"225","e.abelmann","iamtiana_ja"
"226","e.abelmann","karenxgp"
"227","e.abelmann","janute_scoot"
"228","e.abelmann","simone.snm"
"229","e.abelmann","noa_bearman"
"230","e.abelmann","molly.voit"
"231","e.abelmann","andrewsunnysideup"
"232","eberko915","stansburygrant"
"233","eberko915","molly.herring"
"234","eberko915","meerau123"
"235","eberko915","colehwarren"
"236","eberko915","rabbimelissa"
"237","eberko915","senam_adedze"
"238","eberko915","taigordon1"
"239","eberko915","jakebagelsdorf"
"240","eberko915","ellengarfinkle"
"241","eberko915","megan_lienau"
"242","eberko915","millie_verdusco"
"243","eberko915","ethan.phillips5"
"244","eberko915","simon.p__"
"245","eberko915","tessmcgrinder"
"246","eberko915","ameliapaulsen"
"247","eberko915","ec.dunn"
"248","eberko915","mitchellskolaris"
"249","eberko915","hallie.lovin"
"250","eberko915","justinhadad"
"251","ec.dunn","eberko915"
"252","ec.dunn","millie_verdusco"
"253","ec.dunn","wburnham31"
"254","ec.dunn","vanessa_barquera"
"255","ec.dunn","areneotero"
"256","ec.dunn","suzyybl"
"257","eddie.neri","megan_lienau"
"258","eddie.neri","areneotero"
"259","eddie.neri","justinhadad"
"260","ellengarfinkle","molly.herring"
"261","ellengarfinkle","eberko915"
"262","ellengarfinkle","hannnahmjones"
"263","ellengarfinkle","rabbimelissa"
"264","ellengarfinkle","naominice42"
"265","ellengarfinkle","taigordon1"
"266","ellengarfinkle","b.wein"
"267","ellengarfinkle","janute_scoot"
"268","ellengarfinkle","tgetn"
"269","ellengarfinkle","emmarudyyy"
"270","ellengarfinkle","hannah_moore244"
"271","ellengarfinkle","noa_bearman"
"272","ellengarfinkle","shanegravelle"
"273","ellengarfinkle","sophie_polgar"
"274","ellengarfinkle","molly.voit"
"275","ellengarfinkle","sophiemarcom"
"276","ellengarfinkle","hallie.lovin"
"277","emmabrugman","stansburygrant"
"278","emmabrugman","meerau123"
"279","emmabrugman","_oscarguevara"
"280","emmabrugman","sam_i_am_i_am_"
"281","emmabrugman","i_am_zaac"
"282","emmabrugman","cmacbrennan"
"283","emmabrugman","zeusy14"
"284","emmabrugman","jakebagelsdorf"
"285","emmabrugman","kaitlynsumner"
"286","emmabrugman","sarah_han"
"287","emmarudyyy","molly.herring"
"288","emmarudyyy","hannnahmjones"
"289","emmarudyyy","apeaidan"
"290","emmarudyyy","rabbimelissa"
"291","emmarudyyy","karenxgp"
"292","emmarudyyy","john_cherkez"
"293","emmarudyyy","naominice42"
"294","emmarudyyy","janute_scoot"
"295","emmarudyyy","jakebagelsdorf"
"296","emmarudyyy","bikergurl55"
"297","emmarudyyy","stone_rachael"
"298","emmarudyyy","ellengarfinkle"
"299","emmarudyyy","megan_lienau"
"300","emmarudyyy","jessareeya"
"301","emmarudyyy","simone.snm"
"302","emmarudyyy","kejriwal_naman1"
"303","emmarudyyy","ideliyakh"
"304","emmarudyyy","evan.johnson_"
"305","emmarudyyy","johail"
"306","emmarudyyy","emmymarietrivette"
"307","emmarudyyy","sophie_polgar"
"308","emmarudyyy","saravandersip"
"309","emmarudyyy","stinkygingko"
"310","emmarudyyy","tomawtoes"
"311","emmarudyyy","molly.voit"
"312","emmarudyyy","sophiemarcom"
"313","emmarudyyy","charlottemgeier"
"314","emmarudyyy","justinhadad"
"315","emmymarietrivette","molly.herring"
"316","emmymarietrivette","hannnahmjones"
"317","emmymarietrivette","apeaidan"
"318","emmymarietrivette","john_cherkez"
"319","emmymarietrivette","naominice42"
"320","emmymarietrivette","janute_scoot"
"321","emmymarietrivette","rachel.yurko"
"322","emmymarietrivette","megan_lienau"
"323","emmymarietrivette","jessareeya"
"324","emmymarietrivette","emmarudyyy"
"325","emmymarietrivette","johail"
"326","emmymarietrivette","tomawtoes"
"327","emmymarietrivette","sophiemarcom"
"328","emmymarietrivette","charlottemgeier"
"329","emmymarietrivette","amelia.loeffler"
"330","ethan.phillips5","molly.herring"
"331","ethan.phillips5","eberko915"
"332","ethan.phillips5","hannnahmjones"
"333","ethan.phillips5","rabbimelissa"
"334","ethan.phillips5","senam_adedze"
"335","ethan.phillips5","_marymckay"
"336","ethan.phillips5","megan_lienau"
"337","ethan.phillips5","jess.uba"
"338","ethan.phillips5","simon.p__"
"339","ethan.phillips5","tessmcgrinder"
"340","ethan.phillips5","vanessa_barquera"
"341","ethan.phillips5","kevin.sullivann"
"342","ethan.phillips5","mitchellskolaris"
"343","ethan.phillips5","molly.voit"
"344","ethan.phillips5","sophiemarcom"
"345","ethan.phillips5","justinhadad"
"346","evan.johnson_","allenbond4"
"347","evan.johnson_","hannahawood"
"348","evan.johnson_","colehwarren"
"349","evan.johnson_","apeaidan"
"350","evan.johnson_","john_cherkez"
"351","evan.johnson_","ben__bello"
"352","evan.johnson_","tgetn"
"353","evan.johnson_","aditya.arun_"
"354","evan.johnson_","jessareeya"
"355","evan.johnson_","lauren_smith25"
"356","evan.johnson_","emmarudyyy"
"357","evan.johnson_","kejriwal_naman1"
"358","evan.johnson_","willhmonahan"
"359","evan.johnson_","shanegravelle"
"360","evan.johnson_","k8starr"
"361","evan.johnson_","saravandersip"
"362","evan.johnson_","hamza.ishaque"
"363","evan.johnson_","jenniferjane20"
"364","evan.johnson_","charlottemgeier"
"365","haleyr66","b.wein"
"366","haleyr66","_marymckay"
"367","haleyr66","sam__zahn"
"368","haleyr66","stone_rachael"
"369","haleyr66","lauren_smith25"
"370","haleyr66","vanessa_barquera"
"371","haleyr66","areneotero"
"372","haleyr66","shanegravelle"
"373","haleyr66","ideliyakh"
"374","haleyr66","sophie_polgar"
"375","haleyr66","q.nguyennn"
"376","haleyr66","halliekielb"
"377","haleyr66","jaaackhall"
"378","hallie.lovin","eberko915"
"379","hallie.lovin","rabbimelissa"
"380","hallie.lovin","taigordon1"
"381","hallie.lovin","janute_scoot"
"382","hallie.lovin","stone_rachael"
"383","hallie.lovin","ellengarfinkle"
"384","hallie.lovin","emmarudyyy"
"385","hallie.lovin","simon.p__"
"386","hallie.lovin","noa_bearman"
"387","hallie.lovin","sophie_polgar"
"388","hallie.lovin","tomawtoes"
"389","hallie.lovin","molly.voit"
"390","halliekielb","b.wein"
"391","halliekielb","stone_rachael"
"392","halliekielb","eddie.neri"
"393","halliekielb","areneotero"
"394","halliekielb","ideliyakh"
"395","halliekielb","ameliapaulsen"
"396","halliekielb","haleyr66"
"397","halliekielb","jaaackhall"
"398","hamza.ishaque","allenbond4"
"399","hamza.ishaque","colehwarren"
"400","hamza.ishaque","ben__bello"
"401","hamza.ishaque","tgetn"
"402","hamza.ishaque","aditya.arun_"
"403","hamza.ishaque","lauren_smith25"
"404","hamza.ishaque","kejriwal_naman1"
"405","hamza.ishaque","willhmonahan"
"406","hamza.ishaque","shanegravelle"
"407","hamza.ishaque","evan.johnson_"
"408","hamza.ishaque","jenniferjane20"
"409","hannah_moore244","molly.herring"
"410","hannah_moore244","hannnahmjones"
"411","hannah_moore244","allenbond4"
"412","hannah_moore244","naominice42"
"413","hannah_moore244","_marymckay"
"414","hannah_moore244","janute_scoot"
"415","hannah_moore244","rachel.yurko"
"416","hannah_moore244","ellengarfinkle"
"417","hannah_moore244","tgetn"
"418","hannah_moore244","jessareeya"
"419","hannah_moore244","wburnham31"
"420","hannah_moore244","jess.uba"
"421","hannah_moore244","areneotero"
"422","hannah_moore244","johail"
"423","hannah_moore244","tomawtoes"
"424","hannah_moore244","molly.voit"
"425","hannah_moore244","sophiemarcom"
"426","hannah_moore244","amelia.loeffler"
"427","hannahawood","apeaidan"
"428","hannahawood","john_cherkez"
"429","hannahawood","jessareeya"
"430","hannahawood","evan.johnson_"
"431","hannahawood","k8starr"
"432","hannahawood","saravandersip"
"433","hannnahmjones","molly.herring"
"434","hannnahmjones","lukerileydavis"
"435","hannnahmjones","apeaidan"
"436","hannnahmjones","naominice42"
"437","hannnahmjones","janute_scoot"
"438","hannnahmjones","rachel.yurko"
"439","hannnahmjones","ellengarfinkle"
"440","hannnahmjones","megan_lienau"
"441","hannnahmjones","ethan.phillips5"
"442","hannnahmjones","emmarudyyy"
"443","hannnahmjones","hannah_moore244"
"444","hannnahmjones","johail"
"445","hannnahmjones","emmymarietrivette"
"446","hannnahmjones","tomawtoes"
"447","hannnahmjones","molly.voit"
"448","hannnahmjones","sophiemarcom"
"449","hannnahmjones","charlottemgeier"
"450","hannnahmjones","justinhadad"
"451","hannnahmjones","amelia.loeffler"
"452","i_am_zaac","emmabrugman"
"453","i_am_zaac","stansburygrant"
"454","i_am_zaac","meerau123"
"455","i_am_zaac","_oscarguevara"
"456","i_am_zaac","sam_i_am_i_am_"
"457","i_am_zaac","cmacbrennan"
"458","i_am_zaac","jakebagelsdorf"
"459","i_am_zaac","kaitlynsumner"
"460","i_am_zaac","sarah_han"
"461","iamtiana_ja","karenxgp"
"462","iamtiana_ja","bikergurl55"
"463","iamtiana_ja","jessareeya"
"464","iamtiana_ja","simone.snm"
"465","iamtiana_ja","andrewsunnysideup"
"466","ideliyakh","b.wein"
"467","ideliyakh","bikergurl55"
"468","ideliyakh","stone_rachael"
"469","ideliyakh","emmarudyyy"
"470","ideliyakh","simone.snm"
"471","ideliyakh","sophie_polgar"
"472","ideliyakh","saravandersip"
"473","ideliyakh","haleyr66"
"474","ideliyakh","halliekielb"
"475","ideliyakh","jaaackhall"
"476","jaaackhall","colehwarren"
"477","jaaackhall","b.wein"
"478","jaaackhall","stone_rachael"
"479","jaaackhall","ideliyakh"
"480","jaaackhall","jenniferjane20"
"481","jaaackhall","mitchellskolaris"
"482","jaaackhall","haleyr66"
"483","jaime.adr","_oscarguevara"
"484","jaime.adr","andreadrsc"
"485","jaime.adr","zeusy14"
"486","jaime.adr","anaafdominguezr"
"487","jaime.adr","jordidelacruz"
"488","jaime.adr","chgaravito"
"489","jakebagelsdorf","emmabrugman"
"490","jakebagelsdorf","stansburygrant"
"491","jakebagelsdorf","eberko915"
"492","jakebagelsdorf","meerau123"
"493","jakebagelsdorf","sam_i_am_i_am_"
"494","jakebagelsdorf","i_am_zaac"
"495","jakebagelsdorf","cmacbrennan"
"496","jakebagelsdorf","kaitlynsumner"
"497","jakebagelsdorf","emmarudyyy"
"498","jakebagelsdorf","sarah_han"
"499","janute_scoot","molly.herring"
"500","janute_scoot","hannnahmjones"
"501","janute_scoot","lukerileydavis"
"502","janute_scoot","apeaidan"
"503","janute_scoot","senam_adedze"
"504","janute_scoot","naominice42"
"505","janute_scoot","rachel.yurko"
"506","janute_scoot","ellengarfinkle"
"507","janute_scoot","megan_lienau"
"508","janute_scoot","emmarudyyy"
"509","janute_scoot","hannah_moore244"
"510","janute_scoot","e.abelmann"
"511","janute_scoot","simon.p__"
"512","janute_scoot","noa_bearman"
"513","janute_scoot","tessmcgrinder"
"514","janute_scoot","johail"
"515","janute_scoot","emmymarietrivette"
"516","janute_scoot","tomawtoes"
"517","janute_scoot","molly.voit"
"518","janute_scoot","sophiemarcom"
"519","janute_scoot","hallie.lovin"
"520","janute_scoot","justinhadad"
"521","janute_scoot","amelia.loeffler"
"522","jenniferjane20","allenbond4"
"523","jenniferjane20","colehwarren"
"524","jenniferjane20","_marymckay"
"525","jenniferjane20","stone_rachael"
"526","jenniferjane20","ben__bello"
"527","jenniferjane20","tgetn"
"528","jenniferjane20","megan_lienau"
"529","jenniferjane20","aditya.arun_"
"530","jenniferjane20","lauren_smith25"
"531","jenniferjane20","kejriwal_naman1"
"532","jenniferjane20","areneotero"
"533","jenniferjane20","willhmonahan"
"534","jenniferjane20","shanegravelle"
"535","jenniferjane20","evan.johnson_"
"536","jenniferjane20","q.nguyennn"
"537","jenniferjane20","saravandersip"
"538","jenniferjane20","hamza.ishaque"
"539","jenniferjane20","haleyr66"
"540","jess.uba","molly.herring"
"541","jess.uba","rabbimelissa"
"542","jess.uba","jessareeya"
"543","jess.uba","ethan.phillips5"
"544","jess.uba","hannah_moore244"
"545","jess.uba","simone.snm"
"546","jessareeya","hannahawood"
"547","jessareeya","iamtiana_ja"
"548","jessareeya","karenxgp"
"549","jessareeya","john_cherkez"
"550","jessareeya","bikergurl55"
"551","jessareeya","wburnham31"
"552","jessareeya","emmarudyyy"
"553","jessareeya","hannah_moore244"
"554","jessareeya","jess.uba"
"555","jessareeya","simon.p__"
"556","jessareeya","simone.snm"
"557","jessareeya","andrewqin02"
"558","jessareeya","kendratse"
"559","jessareeya","willhmonahan"
"560","jessareeya","evan.johnson_"
"561","jessareeya","emmymarietrivette"
"562","jessareeya","ameliapaulsen"
"563","jessareeya","saravandersip"
"564","jessareeya","luz.garcialara"
"565","jessareeya","charlottemgeier"
"566","johail","molly.herring"
"567","johail","hannnahmjones"
"568","johail","lukerileydavis"
"569","johail","apeaidan"
"570","johail","naominice42"
"571","johail","janute_scoot"
"572","johail","sam__zahn"
"573","johail","megan_lienau"
"574","johail","emmarudyyy"
"575","johail","hannah_moore244"
"576","johail","noa_bearman"
"577","johail","emmymarietrivette"
"578","johail","maximoberas"
"579","johail","tomawtoes"
"580","johail","sophiemarcom"
"581","johail","justinhadad"
"582","john_cherkez","hannahawood"
"583","john_cherkez","colehwarren"
"584","john_cherkez","apeaidan"
"585","john_cherkez","jessareeya"
"586","john_cherkez","emmarudyyy"
"587","john_cherkez","shanegravelle"
"588","john_cherkez","evan.johnson_"
"589","john_cherkez","emmymarietrivette"
"590","john_cherkez","k8starr"
"591","john_cherkez","saravandersip"
"592","john_cherkez","charlottemgeier"
"593","joniel39","ale_cotte"
"594","joniel39","saimaryyy"
"595","joniel39","upfirstonthetee"
"596","joniel39","karinaseebaluck"
"597","joniel39","alasia.a.journal"
"598","joniel39","mariana._.chavez"
"599","jordidelacruz","_oscarguevara"
"600","jordidelacruz","mariajotta"
"601","jordidelacruz","andreadrsc"
"602","jordidelacruz","zeusy14"
"603","jordidelacruz","jaime.adr"
"604","jordidelacruz","chgaravito"
"605","juliaodavis_","karenxgp"
"606","juliaodavis_","bikergurl55"
"607","juliaodavis_","simone.snm"
"608","juliaodavis_","andrewqin02"
"609","justinhadad","molly.herring"
"610","justinhadad","eberko915"
"611","justinhadad","hannnahmjones"
"612","justinhadad","apeaidan"
"613","justinhadad","naominice42"
"614","justinhadad","janute_scoot"
"615","justinhadad","sam__zahn"
"616","justinhadad","stone_rachael"
"617","justinhadad","megan_lienau"
"618","justinhadad","ethan.phillips5"
"619","justinhadad","emmarudyyy"
"620","justinhadad","eddie.neri"
"621","justinhadad","tessmcgrinder"
"622","justinhadad","johail"
"623","justinhadad","emmymarietrivette"
"624","justinhadad","molly.voit"
"625","justinhadad","sophiemarcom"
"626","k8starr","hannahawood"
"627","k8starr","john_cherkez"
"628","k8starr","evan.johnson_"
"629","kaitlynsumner","emmabrugman"
"630","kaitlynsumner","meerau123"
"631","kaitlynsumner","_oscarguevara"
"632","kaitlynsumner","sam_i_am_i_am_"
"633","kaitlynsumner","i_am_zaac"
"634","kaitlynsumner","jakebagelsdorf"
"635","kaitlynsumner","sarah_han"
"636","karenxgp","apeaidan"
"637","karenxgp","iamtiana_ja"
"638","karenxgp","bikergurl55"
"639","karenxgp","jessareeya"
"640","karenxgp","emmarudyyy"
"641","karenxgp","e.abelmann"
"642","karenxgp","simone.snm"
"643","karenxgp","max.golovsky"
"644","karenxgp","andrewqin02"
"645","karenxgp","kendratse"
"646","karenxgp","willhmonahan"
"647","karenxgp","saravandersip"
"648","karenxgp","mariana._.chavez"
"649","karenxgp","stinkygingko"
"650","karenxgp","juliaodavis_"
"651","karinaseebaluck","joniel39"
"652","karinaseebaluck","ale_cotte"
"653","karinaseebaluck","saimaryyy"
"654","karinaseebaluck","upfirstonthetee"
"655","karinaseebaluck","mariana._.chavez"
"656","karinaseebaluck","luz.garcialara"
"657","kejriwal_naman1","allenbond4"
"658","kejriwal_naman1","colehwarren"
"659","kejriwal_naman1","ben__bello"
"660","kejriwal_naman1","tgetn"
"661","kejriwal_naman1","aditya.arun_"
"662","kejriwal_naman1","lauren_smith25"
"663","kejriwal_naman1","emmarudyyy"
"664","kejriwal_naman1","shanegravelle"
"665","kejriwal_naman1","evan.johnson_"
"666","kejriwal_naman1","saravandersip"
"667","kejriwal_naman1","hamza.ishaque"
"668","kejriwal_naman1","jenniferjane20"
"669","kendratse","karenxgp"
"670","kendratse","senam_adedze"
"671","kendratse","sam__zahn"
"672","kendratse","bikergurl55"
"673","kendratse","jessareeya"
"674","kendratse","simon.p__"
"675","kendratse","simone.snm"
"676","kendratse","max.golovsky"
"677","kendratse","ameliapaulsen"
"678","kevin.sullivann","_marymckay"
"679","kevin.sullivann","millie_verdusco"
"680","kevin.sullivann","monet.senescendi.mundi"
"681","kevin.sullivann","marycatherinehargrove"
"682","kevin.sullivann","ethan.phillips5"
"683","kevin.sullivann","vanessa_barquera"
"684","kevin.sullivann","areneotero"
"685","kevin.sullivann","suzyybl"
"686","kevin.sullivann","mitchellskolaris"
"687","lauren_smith25","allenbond4"
"688","lauren_smith25","colehwarren"
"689","lauren_smith25","ben__bello"
"690","lauren_smith25","tgetn"
"691","lauren_smith25","aditya.arun_"
"692","lauren_smith25","kejriwal_naman1"
"693","lauren_smith25","vanessa_barquera"
"694","lauren_smith25","areneotero"
"695","lauren_smith25","willhmonahan"
"696","lauren_smith25","shanegravelle"
"697","lauren_smith25","evan.johnson_"
"698","lauren_smith25","q.nguyennn"
"699","lauren_smith25","hamza.ishaque"
"700","lauren_smith25","jenniferjane20"
"701","lauren_smith25","mitchellskolaris"
"702","lauren_smith25","haleyr66"
"703","lukerileydavis","molly.herring"
"704","lukerileydavis","hannnahmjones"
"705","lukerileydavis","naominice42"
"706","lukerileydavis","janute_scoot"
"707","lukerileydavis","megan_lienau"
"708","lukerileydavis","johail"
"709","luz.garcialara","aditya.arun_"
"710","luz.garcialara","jessareeya"
"711","luz.garcialara","karinaseebaluck"
"712","luz.garcialara","suzyybl"
"713","mariajotta","_oscarguevara"
"714","mariajotta","mguezub"
"715","mariajotta","andreadrsc"
"716","mariajotta","zeusy14"
"717","mariajotta","anaafdominguezr"
"718","mariajotta","jordidelacruz"
"719","mariajotta","chgaravito"
"720","mariana._.chavez","joniel39"
"721","mariana._.chavez","ale_cotte"
"722","mariana._.chavez","karenxgp"
"723","mariana._.chavez","saimaryyy"
"724","mariana._.chavez","upfirstonthetee"
"725","mariana._.chavez","karinaseebaluck"
"726","mariana._.chavez","alasia.a.journal"
"727","marycatherinehargrove","molly.herring"
"728","marycatherinehargrove","_marymckay"
"729","marycatherinehargrove","millie_verdusco"
"730","marycatherinehargrove","monet.senescendi.mundi"
"731","marycatherinehargrove","tessmcgrinder"
"732","marycatherinehargrove","vanessa_barquera"
"733","marycatherinehargrove","suzyybl"
"734","marycatherinehargrove","ameliapaulsen"
"735","marycatherinehargrove","kevin.sullivann"
"736","marycatherinehargrove","mitchellskolaris"
"737","max.golovsky","karenxgp"
"738","max.golovsky","andrewqin02"
"739","max.golovsky","kendratse"
"740","max.golovsky","ameliapaulsen"
"741","max.golovsky","stinkygingko"
"742","maximoberas","johail"
"743","meerau123","emmabrugman"
"744","meerau123","stansburygrant"
"745","meerau123","eberko915"
"746","meerau123","sam_i_am_i_am_"
"747","meerau123","not_sarah_xu"
"748","meerau123","i_am_zaac"
"749","meerau123","cmacbrennan"
"750","meerau123","zeusy14"
"751","meerau123","jakebagelsdorf"
"752","meerau123","kaitlynsumner"
"753","meerau123","sarah_han"
"754","megan_lienau","molly.herring"
"755","megan_lienau","eberko915"
"756","megan_lienau","hannnahmjones"
"757","megan_lienau","lukerileydavis"
"758","megan_lienau","apeaidan"
"759","megan_lienau","senam_adedze"
"760","megan_lienau","naominice42"
"761","megan_lienau","janute_scoot"
"762","megan_lienau","sam__zahn"
"763","megan_lienau","ethan.phillips5"
"764","megan_lienau","emmarudyyy"
"765","megan_lienau","eddie.neri"
"766","megan_lienau","jess.uba"
"767","megan_lienau","simon.p__"
"768","megan_lienau","johail"
"769","megan_lienau","emmymarietrivette"
"770","megan_lienau","stinkygingko"
"771","megan_lienau","tomawtoes"
"772","megan_lienau","justinhadad"
"773","megan_lienau","amelia.loeffler"
"774","mguezub","mariajotta"
"775","mguezub","zeusy14"
"776","mguezub","chgaravito"
"777","millie_verdusco","eberko915"
"778","millie_verdusco","_marymckay"
"779","millie_verdusco","marycatherinehargrove"
"780","millie_verdusco","wburnham31"
"781","millie_verdusco","vanessa_barquera"
"782","millie_verdusco","suzyybl"
"783","millie_verdusco","ameliapaulsen"
"784","millie_verdusco","kevin.sullivann"
"785","millie_verdusco","ec.dunn"
"786","mitchellskolaris","_marymckay"
"787","mitchellskolaris","marycatherinehargrove"
"788","mitchellskolaris","ethan.phillips5"
"789","mitchellskolaris","lauren_smith25"
"790","mitchellskolaris","vanessa_barquera"
"791","mitchellskolaris","areneotero"
"792","mitchellskolaris","suzyybl"
"793","mitchellskolaris","kevin.sullivann"
"794","mitchellskolaris","jaaackhall"
"795","molly.herring","eberko915"
"796","molly.herring","hannnahmjones"
"797","molly.herring","lukerileydavis"
"798","molly.herring","apeaidan"
"799","molly.herring","rabbimelissa"
"800","molly.herring","naominice42"
"801","molly.herring","janute_scoot"
"802","molly.herring","rachel.yurko"
"803","molly.herring","ellengarfinkle"
"804","molly.herring","megan_lienau"
"805","molly.herring","marycatherinehargrove"
"806","molly.herring","ethan.phillips5"
"807","molly.herring","emmarudyyy"
"808","molly.herring","hannah_moore244"
"809","molly.herring","e.abelmann"
"810","molly.herring","jess.uba"
"811","molly.herring","noa_bearman"
"812","molly.herring","tessmcgrinder"
"813","molly.herring","johail"
"814","molly.herring","emmymarietrivette"
"815","molly.herring","tomawtoes"
"816","molly.herring","sophiemarcom"
"817","molly.herring","molly.voit"
"818","molly.herring","justinhadad"
"819","molly.herring","amelia.loeffler"
"820","molly.voit","molly.herring"
"821","molly.voit","eberko915"
"822","molly.voit","hannnahmjones"
"823","molly.voit","apeaidan"
"824","molly.voit","rabbimelissa"
"825","molly.voit","naominice42"
"826","molly.voit","janute_scoot"
"827","molly.voit","ellengarfinkle"
"828","molly.voit","ethan.phillips5"
"829","molly.voit","emmarudyyy"
"830","molly.voit","hannah_moore244"
"831","molly.voit","e.abelmann"
"832","molly.voit","jess.uba"
"833","molly.voit","noa_bearman"
"834","molly.voit","sophie_polgar"
"835","molly.voit","sophiemarcom"
"836","molly.voit","hallie.lovin"
"837","molly.voit","justinhadad"
"838","monet.senescendi.mundi","_marymckay"
"839","monet.senescendi.mundi","marycatherinehargrove"
"840","monet.senescendi.mundi","vanessa_barquera"
"841","monet.senescendi.mundi","suzyybl"
"842","monet.senescendi.mundi","kevin.sullivann"
"843","naominice42","molly.herring"
"844","naominice42","hannnahmjones"
"845","naominice42","lukerileydavis"
"846","naominice42","apeaidan"
"847","naominice42","janute_scoot"
"848","naominice42","rachel.yurko"
"849","naominice42","ellengarfinkle"
"850","naominice42","megan_lienau"
"851","naominice42","emmarudyyy"
"852","naominice42","hannah_moore244"
"853","naominice42","noa_bearman"
"854","naominice42","johail"
"855","naominice42","emmymarietrivette"
"856","naominice42","tomawtoes"
"857","naominice42","molly.voit"
"858","naominice42","sophiemarcom"
"859","naominice42","justinhadad"
"860","naominice42","amelia.loeffler"
"861","noa_bearman","molly.herring"
"862","noa_bearman","rabbimelissa"
"863","noa_bearman","naominice42"
"864","noa_bearman","janute_scoot"
"865","noa_bearman","rachel.yurko"
"866","noa_bearman","ellengarfinkle"
"867","noa_bearman","e.abelmann"
"868","noa_bearman","johail"
"869","noa_bearman","molly.voit"
"870","noa_bearman","hallie.lovin"
"871","not_sarah_xu","stansburygrant"
"872","not_sarah_xu","meerau123"
"873","not_sarah_xu","cmacbrennan"
"874","q.nguyennn","lauren_smith25"
"875","q.nguyennn","areneotero"
"876","q.nguyennn","jenniferjane20"
"877","q.nguyennn","haleyr66"
"878","rabbimelissa","molly.herring"
"879","rabbimelissa","taigordon1"
"880","rabbimelissa","b.wein"
"881","rabbimelissa","stone_rachael"
"882","rabbimelissa","ellengarfinkle"
"883","rabbimelissa","ethan.phillips5"
"884","rabbimelissa","emmarudyyy"
"885","rabbimelissa","jess.uba"
"886","rabbimelissa","sophie_polgar"
"887","rabbimelissa","hallie.lovin"
"888","rachel.yurko","molly.herring"
"889","rachel.yurko","hannnahmjones"
"890","rachel.yurko","naominice42"
"891","rachel.yurko","janute_scoot"
"892","rachel.yurko","hannah_moore244"
"893","rachel.yurko","noa_bearman"
"894","rachel.yurko","emmymarietrivette"
"895","rachel.yurko","charlottemgeier"
"896","rachel.yurko","amelia.loeffler"
"897","saimaryyy","joniel39"
"898","saimaryyy","ale_cotte"
"899","saimaryyy","upfirstonthetee"
"900","saimaryyy","karinaseebaluck"
"901","saimaryyy","alasia.a.journal"
"902","saimaryyy","mariana._.chavez"
"903","sam__zahn","apeaidan"
"904","sam__zahn","megan_lienau"
"905","sam__zahn","jessareeya"
"906","sam__zahn","andrewqin02"
"907","sam__zahn","kendratse"
"908","sam__zahn","johail"
"909","sam__zahn","sophie_polgar"
"910","sam__zahn","ameliapaulsen"
"911","sam__zahn","haleyr66"
"912","sam__zahn","justinhadad"
"913","sam_i_am_i_am_","emmabrugman"
"914","sam_i_am_i_am_","stansburygrant"
"915","sam_i_am_i_am_","meerau123"
"916","sam_i_am_i_am_","_oscarguevara"
"917","sam_i_am_i_am_","i_am_zaac"
"918","sam_i_am_i_am_","cmacbrennan"
"919","sam_i_am_i_am_","jakebagelsdorf"
"920","sam_i_am_i_am_","kaitlynsumner"
"921","sam_i_am_i_am_","sarah_han"
"922","sarah_han","emmabrugman"
"923","sarah_han","stansburygrant"
"924","sarah_han","meerau123"
"925","sarah_han","sam_i_am_i_am_"
"926","sarah_han","i_am_zaac"
"927","sarah_han","cmacbrennan"
"928","sarah_han","zeusy14"
"929","sarah_han","jakebagelsdorf"
"930","sarah_han","kaitlynsumner"
"931","saravandersip","allenbond4"
"932","saravandersip","hannahawood"
"933","saravandersip","colehwarren"
"934","saravandersip","apeaidan"
"935","saravandersip","karenxgp"
"936","saravandersip","john_cherkez"
"937","saravandersip","bikergurl55"
"938","saravandersip","tgetn"
"939","saravandersip","aditya.arun_"
"940","saravandersip","jessareeya"
"941","saravandersip","emmarudyyy"
"942","saravandersip","simone.snm"
"943","saravandersip","kejriwal_naman1"
"944","saravandersip","shanegravelle"
"945","saravandersip","ideliyakh"
"946","saravandersip","evan.johnson_"
"947","saravandersip","jenniferjane20"
"948","saravandersip","sophiemarcom"
"949","senam_adedze","eberko915"
"950","senam_adedze","janute_scoot"
"951","senam_adedze","bikergurl55"
"952","senam_adedze","megan_lienau"
"953","senam_adedze","ethan.phillips5"
"954","senam_adedze","simon.p__"
"955","senam_adedze","simone.snm"
"956","senam_adedze","tessmcgrinder"
"957","senam_adedze","kendratse"
"958","senam_adedze","tomawtoes"
"959","shanegravelle","allenbond4"
"960","shanegravelle","colehwarren"
"961","shanegravelle","john_cherkez"
"962","shanegravelle","ellengarfinkle"
"963","shanegravelle","ben__bello"
"964","shanegravelle","tgetn"
"965","shanegravelle","aditya.arun_"
"966","shanegravelle","lauren_smith25"
"967","shanegravelle","kejriwal_naman1"
"968","shanegravelle","willhmonahan"
"969","shanegravelle","evan.johnson_"
"970","shanegravelle","saravandersip"
"971","shanegravelle","hamza.ishaque"
"972","shanegravelle","jenniferjane20"
"973","shanegravelle","haleyr66"
"974","simon.p__","eberko915"
"975","simon.p__","senam_adedze"
"976","simon.p__","janute_scoot"
"977","simon.p__","megan_lienau"
"978","simon.p__","jessareeya"
"979","simon.p__","ethan.phillips5"
"980","simon.p__","simone.snm"
"981","simon.p__","kendratse"
"982","simon.p__","areneotero"
"983","simon.p__","ameliapaulsen"
"984","simon.p__","tomawtoes"
"985","simon.p__","sophiemarcom"
"986","simon.p__","hallie.lovin"
"987","simone.snm","iamtiana_ja"
"988","simone.snm","karenxgp"
"989","simone.snm","senam_adedze"
"990","simone.snm","bikergurl55"
"991","simone.snm","jessareeya"
"992","simone.snm","emmarudyyy"
"993","simone.snm","e.abelmann"
"994","simone.snm","jess.uba"
"995","simone.snm","simon.p__"
"996","simone.snm","andrewqin02"
"997","simone.snm","kendratse"
"998","simone.snm","willhmonahan"
"999","simone.snm","ideliyakh"
"1000","simone.snm","saravandersip"
"1001","simone.snm","stinkygingko"
"1002","simone.snm","charlottemgeier"
"1003","simone.snm","juliaodavis_"
"1004","sophie_polgar","lukerileydavis"
"1005","sophie_polgar","rabbimelissa"
"1006","sophie_polgar","b.wein"
"1007","sophie_polgar","sam__zahn"
"1008","sophie_polgar","stone_rachael"
"1009","sophie_polgar","ellengarfinkle"
"1010","sophie_polgar","emmarudyyy"
"1011","sophie_polgar","ideliyakh"
"1012","sophie_polgar","molly.voit"
"1013","sophie_polgar","haleyr66"
"1014","sophie_polgar","hallie.lovin"
"1015","sophiemarcom","molly.herring"
"1016","sophiemarcom","hannnahmjones"
"1017","sophiemarcom","naominice42"
"1018","sophiemarcom","janute_scoot"
"1019","sophiemarcom","ellengarfinkle"
"1020","sophiemarcom","ethan.phillips5"
"1021","sophiemarcom","emmarudyyy"
"1022","sophiemarcom","hannah_moore244"
"1023","sophiemarcom","simon.p__"
"1024","sophiemarcom","tessmcgrinder"
"1025","sophiemarcom","johail"
"1026","sophiemarcom","emmymarietrivette"
"1027","sophiemarcom","saravandersip"
"1028","sophiemarcom","molly.voit"
"1029","sophiemarcom","charlottemgeier"
"1030","sophiemarcom","justinhadad"
"1031","stansburygrant","emmabrugman"
"1032","stansburygrant","eberko915"
"1033","stansburygrant","meerau123"
"1034","stansburygrant","sam_i_am_i_am_"
"1035","stansburygrant","not_sarah_xu"
"1036","stansburygrant","i_am_zaac"
"1037","stansburygrant","cmacbrennan"
"1038","stansburygrant","zeusy14"
"1039","stansburygrant","jakebagelsdorf"
"1040","stansburygrant","kaitlynsumner"
"1041","stansburygrant","sarah_han"
"1042","stinkygingko","karenxgp"
"1043","stinkygingko","bikergurl55"
"1044","stinkygingko","megan_lienau"
"1045","stinkygingko","jessareeya"
"1046","stinkygingko","emmarudyyy"
"1047","stinkygingko","simone.snm"
"1048","stinkygingko","max.golovsky"
"1049","stinkygingko","kendratse"
"1050","stone_rachael","rabbimelissa"
"1051","stone_rachael","b.wein"
"1052","stone_rachael","emmarudyyy"
"1053","stone_rachael","ideliyakh"
"1054","stone_rachael","sophie_polgar"
"1055","stone_rachael","jenniferjane20"
"1056","stone_rachael","haleyr66"
"1057","stone_rachael","hallie.lovin"
"1058","stone_rachael","justinhadad"
"1059","stone_rachael","jaaackhall"
"1060","suzyybl","_marymckay"
"1061","suzyybl","millie_verdusco"
"1062","suzyybl","monet.senescendi.mundi"
"1063","suzyybl","marycatherinehargrove"
"1064","suzyybl","vanessa_barquera"
"1065","suzyybl","areneotero"
"1066","suzyybl","kevin.sullivann"
"1067","suzyybl","ec.dunn"
"1068","suzyybl","mitchellskolaris"
"1069","suzyybl","luz.garcialara"
"1070","taigordon1","eberko915"
"1071","taigordon1","ellengarfinkle"
"1072","taigordon1","hallie.lovin"
"1073","tessmcgrinder","molly.herring"
"1074","tessmcgrinder","eberko915"
"1075","tessmcgrinder","senam_adedze"
"1076","tessmcgrinder","janute_scoot"
"1077","tessmcgrinder","marycatherinehargrove"
"1078","tessmcgrinder","ethan.phillips5"
"1079","tessmcgrinder","sophiemarcom"
"1080","tessmcgrinder","justinhadad"
"1081","tgetn","allenbond4"
"1082","tgetn","colehwarren"
"1083","tgetn","apeaidan"
"1084","tgetn","ellengarfinkle"
"1085","tgetn","ben__bello"
"1086","tgetn","aditya.arun_"
"1087","tgetn","lauren_smith25"
"1088","tgetn","hannah_moore244"
"1089","tgetn","kejriwal_naman1"
"1090","tgetn","willhmonahan"
"1091","tgetn","shanegravelle"
"1092","tgetn","evan.johnson_"
"1093","tgetn","saravandersip"
"1094","tgetn","hamza.ishaque"
"1095","tgetn","jenniferjane20"
"1096","tomawtoes","molly.herring"
"1097","tomawtoes","hannnahmjones"
"1098","tomawtoes","apeaidan"
"1099","tomawtoes","senam_adedze"
"1100","tomawtoes","naominice42"
"1101","tomawtoes","janute_scoot"
"1102","tomawtoes","megan_lienau"
"1103","tomawtoes","emmarudyyy"
"1104","tomawtoes","hannah_moore244"
"1105","tomawtoes","simon.p__"
"1106","tomawtoes","johail"
"1107","tomawtoes","emmymarietrivette"
"1108","tomawtoes","molly.voit"
"1109","tomawtoes","hallie.lovin"
"1110","tomawtoes","amelia.loeffler"
"1111","upfirstonthetee","joniel39"
"1112","upfirstonthetee","ale_cotte"
"1113","upfirstonthetee","saimaryyy"
"1114","upfirstonthetee","karinaseebaluck"
"1115","upfirstonthetee","alasia.a.journal"
"1116","upfirstonthetee","mariana._.chavez"
"1117","vanessa_barquera","_marymckay"
"1118","vanessa_barquera","millie_verdusco"
"1119","vanessa_barquera","monet.senescendi.mundi"
"1120","vanessa_barquera","marycatherinehargrove"
"1121","vanessa_barquera","ethan.phillips5"
"1122","vanessa_barquera","lauren_smith25"
"1123","vanessa_barquera","areneotero"
"1124","vanessa_barquera","suzyybl"
"1125","vanessa_barquera","kevin.sullivann"
"1126","vanessa_barquera","ec.dunn"
"1127","vanessa_barquera","mitchellskolaris"
"1128","vanessa_barquera","haleyr66"
"1129","wburnham31","millie_verdusco"
"1130","wburnham31","jessareeya"
"1131","wburnham31","hannah_moore244"
"1132","wburnham31","ec.dunn"
"1133","willhmonahan","allenbond4"
"1134","willhmonahan","colehwarren"
"1135","willhmonahan","karenxgp"
"1136","willhmonahan","bikergurl55"
"1137","willhmonahan","ben__bello"
"1138","willhmonahan","tgetn"
"1139","willhmonahan","aditya.arun_"
"1140","willhmonahan","jessareeya"
"1141","willhmonahan","lauren_smith25"
"1142","willhmonahan","simone.snm"
"1143","willhmonahan","andrewqin02"
"1144","willhmonahan","shanegravelle"
"1145","willhmonahan","evan.johnson_"
"1146","willhmonahan","hamza.ishaque"
"1147","willhmonahan","jenniferjane20"
"1148","zeusy14","emmabrugman"
"1149","zeusy14","stansburygrant"
"1150","zeusy14","meerau123"
"1151","zeusy14","_oscarguevara"
"1152","zeusy14","mguezub"
"1153","zeusy14","mariajotta"
"1154","zeusy14","andreadrsc"
"1155","zeusy14","cmacbrennan"
"1156","zeusy14","jaime.adr"
"1157","zeusy14","anaafdominguezr"
"1158","zeusy14","jordidelacruz"
"1159","zeusy14","sarah_han"
"1160","zeusy14","chgaravito"
